<?xml version="1.0" encoding="UTF-8"?>
<project-private xmlns="http://www.netbeans.org/ns/project-private/1">
    <editor-bookmarks xmlns="http://www.netbeans.org/ns/editor-bookmarks/2" lastBookmarkId="0"/>
    <open-files xmlns="http://www.netbeans.org/ns/projectui-open-files/2">
        <group>
            <file>file:/C:/Users/Akib/Desktop/sd%20project/bms/PharmacyManagementsystem/PharmacyManagementsystem/src/logins/UpdateDrugDetails.java</file>
            <file>file:/C:/Users/Akib/Desktop/sd%20project/bms/PharmacyManagementsystem/PharmacyManagementsystem/src/logins/ShiftProduct.java</file>
            <file>file:/C:/Users/Akib/Desktop/sd%20project/bms/PharmacyManagementsystem/PharmacyManagementsystem/src/logins/DeleteDrugDetails.java</file>
            <file>file:/C:/Users/Akib/Desktop/sd%20project/bms/PharmacyManagementsystem/PharmacyManagementsystem/src/logins/Order.java</file>
            <file>file:/C:/Users/Akib/Desktop/sd%20project/bms/PharmacyManagementsystem/PharmacyManagementsystem/src/logins/PharmacyM.java</file>
            <file>file:/C:/Users/Akib/Desktop/sd%20project/bms/PharmacyManagementsystem/PharmacyManagementsystem/src/logins/login.java</file>
            <file>file:/C:/Users/Akib/Desktop/sd%20project/bms/PharmacyManagementsystem/PharmacyManagementsystem/src/logins/adminProfile.java</file>
            <file>file:/C:/Users/Akib/Desktop/sd%20project/bms/PharmacyManagementsystem/PharmacyManagementsystem/src/logins/MainStore.java</file>
            <file>file:/C:/Users/Akib/Desktop/sd%20project/bms/PharmacyManagementsystem/PharmacyManagementsystem/src/logins/NewDrug.java</file>
        </group>
    </open-files>
</project-private>
